Workbook

Sheet Данные
A1: Металл | B1: Сессия | C1: Концентрация_мг_дм3 | D1: Повтор | E1: Оптическая_плотность_А
A2: Fe | B2: 1 | C2: 0 | D2: 1 | E2: 0.0155
A3: Fe | B3: 1 | C3: 0 | D3: 2 | E3: 0.0207
A4: Fe | B4: 1 | C4: 0 | D4: 3 | E4: 0.0102
A5: Fe | B5: 1 | C5: 0.05 | D5: 1 | E5: 0.0525
A6: Fe | B6: 1 | C6: 0.05 | D6: 2 | E6: 0.0634
A7: Fe | B7: 1 | C7: 0.05 | D7: 3 | E7: 0.0585
A8: Fe | B8: 1 | C8: 0.1 | D8: 1 | E8: 0.0935
A9: Fe | B9: 1 | C9: 0.1 | D9: 2 | E9: 0.0995
A10: Fe | B10: 1 | C10: 0.1 | D10: 3 | E10: 0.0935
A11: Fe | B11: 1 | C11: 0.25 | D11: 1 | E11: 0.2205
A12: Fe | B12: 1 | C12: 0.25 | D12: 2 | E12: 0.2248
A13: Fe | B13: 1 | C13: 0.25 | D13: 3 | E13: 0.2119
... A421: Cr | B421: 5 | C421: 2 | D421: 3 | E421: 2.8067

Sheet Градуировка
A1: Железо (Fe) | E1: Медь (Cu) | I1: Цинк (Zn) | M1: Хром (Cr)
A2: Концентрация, мг/дм³ | B2: Среднее A (по журналу) | E2: Концентрация, мг/дм³ | F2: Среднее A (по журналу) | I2: Концентрация, мг/дм³ | J2: Среднее A (по журналу) | M2: Концентрация, мг/дм³ | N2: Среднее A (по журналу)
A3: 0 | B3: =AVERAGEIFS(Данные!$E$2:$E$421,Данные!$A$2:$A$421,"Fe",Данные!$C$2:$C$421,A3) -> 0.01292 | E3: 0 | F3: =AVERAGEIFS(Данные!$E$2:$E$421,Данные!$A$2:$A$421,"Cu",Данные!$C$2:$C$421,E3) -> 0.012106667 | I3: 0 | J3: =AVERAGEIFS(Данные!$E$2:$E$421,Данные!$A$2:$A$421,"Zn",Данные!$C$2:$C$421,I3) -> 0.015 | M3: 0 | N3: =AVERAGEIFS(Данные!$E$2:$E$421,Данные!$A$2:$A$421,"Cr",Данные!$C$2:$C$421,M3) -> 0.010113333
A4: 0.05 | B4: =AVERAGEIFS(Данные!$E$2:$E$421,Данные!$A$2:$A$421,"Fe",Данные!$C$2:$C$421,A4) -> 0.053453333 | E4: 0.05 | F4: =AVERAGEIFS(Данные!$E$2:$E$421,Данные!$A$2:$A$421,"Cu",Данные!$C$2:$C$421,E4) -> 0.070646667 | I4: 0.05 | J4: =AVERAGEIFS(Данные!$E$2:$E$421,Данные!$A$2:$A$421,"Zn",Данные!$C$2:$C$421,I4) -> 0.04656 | M4: 0.05 | N4: =AVERAGEIFS(Данные!$E$2:$E$421,Данные!$A$2:$A$421,"Cr",Данные!$C$2:$C$421,M4) -> 0.08082
A5: 0.1 | B5: =AVERAGEIFS(Данные!$E$2:$E$421,Данные!$A$2:$A$421,"Fe",Данные!$C$2:$C$421,A5) -> 0.094746667 | E5: 0.1 | F5: =AVERAGEIFS(Данные!$E$2:$E$421,Данные!$A$2:$A$421,"Cu",Данные!$C$2:$C$421,E5) -> 0.12582 | I5: 0.1 | J5: =AVERAGEIFS(Данные!$E$2:$E$421,Данные!$A$2:$A$421,"Zn",Данные!$C$2:$C$421,I5) -> 0.074173333 | M5: 0.1 | N5: =AVERAGEIFS(Данные!$E$2:$E$421,Данные!$A$2:$A$421,"Cr",Данные!$C$2:$C$421,M5) -> 0.15086667
A6: 0.25 | B6: =AVERAGEIFS(Данные!$E$2:$E$421,Данные!$A$2:$A$421,"Fe",Данные!$C$2:$C$421,A6) -> 0.22125333 | E6: 0.25 | F6: =AVERAGEIFS(Данные!$E$2:$E$421,Данные!$A$2:$A$421,"Cu",Данные!$C$2:$C$421,E6) -> 0.30720667 | I6: 0.25 | J6: =AVERAGEIFS(Данные!$E$2:$E$421,Данные!$A$2:$A$421,"Zn",Данные!$C$2:$C$421,I6) -> 0.16965333 | M6: 0.25 | N6: =AVERAGEIFS(Данные!$E$2:$E$421,Данные!$A$2:$A$421,"Cr",Данные!$C$2:$C$421,M6) -> 0.36180667
A7: 0.5 | B7: =AVERAGEIFS(Данные!$E$2:$E$421,Данные!$A$2:$A$421,"Fe",Данные!$C$2:$C$421,A7) -> 0.42740667 | E7: 0.5 | F7: =AVERAGEIFS(Данные!$E$2:$E$421,Данные!$A$2:$A$421,"Cu",Данные!$C$2:$C$421,E7) -> 0.60272 | I7: 0.5 | J7: =AVERAGEIFS(Данные!$E$2:$E$421,Данные!$A$2:$A$421,"Zn",Данные!$C$2:$C$421,I7) -> 0.32114667 | M7: 0.5 | N7: =AVERAGEIFS(Данные!$E$2:$E$421,Данные!$A$2:$A$421,"Cr",Данные!$C$2:$C$421,M7) -> 0.71851333
A8: 1 | B8: =AVERAGEIFS(Данные!$E$2:$E$421,Данные!$A$2:$A$421,"Fe",Данные!$C$2:$C$421,A8) -> 0.84810667 | E8: 1 | F8: =AVERAGEIFS(Данные!$E$2:$E$421,Данные!$A$2:$A$421,"Cu",Данные!$C$2:$C$421,E8) -> 1.20296 | I8: 1 | J8: =AVERAGEIFS(Данные!$E$2:$E$421,Данные!$A$2:$A$421,"Zn",Данные!$C$2:$C$421,I8) -> 0.63100667 | M8: 1 | N8: =AVERAGEIFS(Данные!$E$2:$E$421,Данные!$A$2:$A$421,"Cr",Данные!$C$2:$C$421,M8) -> 1.4366267
A9: 2 | B9: =AVERAGEIFS(Данные!$E$2:$E$421,Данные!$A$2:$A$421,"Fe",Данные!$C$2:$C$421,A9) -> 1.6867933 | E9: 2 | F9: =AVERAGEIFS(Данные!$E$2:$E$421,Данные!$A$2:$A$421,"Cu",Данные!$C$2:$C$421,E9) -> 2.3886067 | I9: 2 | J9: =AVERAGEIFS(Данные!$E$2:$E$421,Данные!$A$2:$A$421,"Zn",Данные!$C$2:$C$421,I9) -> 1.2465867 | M9: 2 | N9: =AVERAGEIFS(Данные!$E$2:$E$421,Данные!$A$2:$A$421,"Cr",Данные!$C$2:$C$421,M9) -> 2.86384
A11: k (тангенс угла накл.) | B11: =SLOPE(B3:B9,A3:A9) -> 0.83733285 | E11: k (тангенс угла накл.) | F11: =SLOPE(F3:F9,E3:E9) -> 1.1897523 | I11: k (тангенс угла накл.) | J11: =SLOPE(J3:J9,I3:I9) -> 0.61601133 | M11: k (тангенс угла накл.) | N11: =SLOPE(N3:N9,M3:M9) -> 1.4277775
A12: b (свободный член) | B12: =INTERCEPT(B3:B9,A3:A9) -> 0.011297412 | E12: b (свободный член) | F12: =INTERCEPT(F3:F9,E3:E9) -> 0.01000465 | I12: b (свободный член) | J12: =INTERCEPT(J3:J9,I3:I9) -> 0.014526068 | M12: b (свободный член) | N12: =INTERCEPT(N3:N9,M3:M9) -> 0.0077506277
A13: R² | B13: =RSQ(B3:B9,A3:A9) -> 0.99999516 | E13: R² | F13: =RSQ(F3:F9,E3:E9) -> 0.99999293 | I13: R² | J13: =RSQ(J3:J9,I3:I9) -> 0.9999925 | M13: R² | N13: =RSQ(N3:N9,M3:M9) -> 0.99999562
A15: Примечание: A — оптическая плотность (среднее по параллельным измерениям и сессиям градуировки), рассчитано из листа «Данные». k, b, R² рассчитаны методом наименьших квадратов через встроенные функции Excel SLOPE / INTERCEPT / RSQ.

Sheet Расчёт_пробы
A1: Расчёт концентрации по градуировочному графику
A3: Металл | B3: Fe
A4: Измеренная A (проба) | B4: 0.45
A5: k (из листа «Градуировка») | B5: =INDEX($B$22:$B$25,MATCH($B$3,$A$22:$A$25,0)) -> 0.83733285
A6: b (из листа «Градуировка») | B6: =INDEX($C$22:$C$25,MATCH($B$3,$A$22:$A$25,0)) -> 0.011297412
A7: Концентрация C, мг/дм³ | B7: =(B4-B6)/B5 -> 0.52392855
A9: Введите металл (B3) и измеренную оптическую плотность пробы (B4) — концентрация (B7) рассчитывается автоматически по формуле C=(A-b)/k.
A20: Служебная таблица (не удалять)
A21: Металл | B21: k | C21: b
A22: Fe | B22: =Градуировка!$B$11 -> 0.83733285 | C22: =Градуировка!$B$12 -> 0.011297412
A23: Cu | B23: =Градуировка!$F$11 -> 1.1897523 | C23: =Градуировка!$F$12 -> 0.01000465
A24: Zn | B24: =Градуировка!$J$11 -> 0.61601133 | C24: =Градуировка!$J$12 -> 0.014526068
A25: Cr | B25: =Градуировка!$N$11 -> 1.4277775 | C25: =Градуировка!$N$12 -> 0.0077506277
